{"loss/train/pocket":1.8050460815429688,"_timestamp":1.7715941932296638e+09,"loss/valid/pocket":1.8126158714294434,"metrics/valid/DVO_theta0.5":0.028524660505354404,"epoch":1,"metrics/valid/PCC":-1,"loss/train/reconstruction":0,"loss/train/affinity":94.70073699951172,"learning_rate":1e-05,"loss/valid/total":24.906200408935547,"metrics/valid/vDCC_theta0.5":7.709430456161499,"loss/train/total":22.55023956298828,"loss/valid/reconstruction":0,"metrics/valid/vDCC_theta0.5_SR_4.0":0,"metrics/valid/DCC_nan_count":0,"loss/valid/affinity":106.40484619140625,"_wandb":{"runtime":3},"_runtime":3,"_step":0}