{"epoch":27,"_timestamp":1.7715943796665719e+09,"metrics/valid/DVO_theta0.5":0.23768501728773117,"loss/train/reconstruction":0,"_runtime":31,"metrics/valid/DCC_nan_count":0,"loss/train/pocket":0.6969046592712402,"_wandb":{"runtime":31},"metrics/valid/vDCC_theta0.5":9.42405104637146,"loss/train/affinity":4.927220344543457,"loss/valid/pocket":0.7177689075469971,"loss/valid/reconstruction":0,"_step":26,"metrics/valid/vDCC_theta0.5_SR_4.0":0,"loss/train/total":2.379253387451172,"learning_rate":0.0009247838075974309,"loss/valid/total":1.5268054008483887,"metrics/valid/PCC":-1,"loss/valid/affinity":0.4563377797603607}