{"_timestamp":1.7715943400894616e+09,"loss/valid/pocket":1.8126158714294434,"metrics/valid/vDCC_theta0.5":7.709430456161499,"loss/valid/total":24.906200408935547,"_step":0,"loss/train/reconstruction":0,"learning_rate":1e-05,"loss/train/pocket":1.8050460815429688,"loss/train/total":22.55023956298828,"_wandb":{"runtime":3},"metrics/valid/vDCC_theta0.5_SR_4.0":0,"epoch":1,"metrics/valid/PCC":-1,"loss/valid/affinity":106.40484619140625,"_runtime":3,"loss/train/affinity":94.70073699951172,"metrics/valid/DVO_theta0.5":0.028524660505354404,"loss/valid/reconstruction":0,"metrics/valid/DCC_nan_count":0}